link,country,amount,note,year,retrieved
/the-world-factbook/countries/afghanistan,Afghanistan,6983000000.0,,2020,2023-03-31
/the-world-factbook/countries/afghanistan,Afghanistan,7371000000.0,,2019,2023-03-31
/the-world-factbook/countries/afghanistan,Afghanistan,7988000000.0,,2018,2023-03-31
/the-world-factbook/countries/albania,Albania,8004000000.0,,2021,2023-03-31
/the-world-factbook/countries/albania,Albania,5671000000.0,,2020,2023-03-31
/the-world-factbook/countries/albania,Albania,6926000000.0,,2019,2023-03-31
/the-world-factbook/countries/algeria,Algeria,44322000000.0,,2021,2023-03-31
/the-world-factbook/countries/algeria,Algeria,42347000000.0,,2020,2023-03-31
/the-world-factbook/countries/algeria,Algeria,54259000000.0,,2019,2023-03-31
/the-world-factbook/countries/american-samoa,American Samoa,615000000.0,,2016,2023-03-31
/the-world-factbook/countries/american-samoa,American Samoa,657000000.0,,2015,2023-03-31
/the-world-factbook/countries/andorra,Andorra,1727000000.0,,2020,2023-03-31
/the-world-factbook/countries/andorra,Andorra,2032000000.0,,2019,2023-03-31
/the-world-factbook/countries/angola,Angola,18845000000.0,,2021,2023-03-31
/the-world-factbook/countries/angola,Angola,15146000000.0,,2020,2023-03-31
/the-world-factbook/countries/angola,Angola,22299000000.0,,2019,2023-03-31
/the-world-factbook/countries/anguilla,Anguilla,186200000.0,,2017,2023-03-31
/the-world-factbook/countries/anguilla,Anguilla,170100000.0,,2016,2023-03-31
/the-world-factbook/countries/antigua-and-barbuda,Antigua and Barbuda,868797000.0,,2021,2023-03-31
/the-world-factbook/countries/antigua-and-barbuda,Antigua and Barbuda,737693000.0,,2020,2023-03-31
/the-world-factbook/countries/antigua-and-barbuda,Antigua and Barbuda,1180000000.0,,2019,2023-03-31
/the-world-factbook/countries/argentina,Argentina,72362000000.0,,2021,2023-03-31
/the-world-factbook/countries/argentina,Argentina,52339000000.0,,2020,2023-03-31
/the-world-factbook/countries/argentina,Argentina,66574000000.0,,2019,2023-03-31
/the-world-factbook/countries/armenia,Armenia,6120000000.0,,2021,2023-03-31
/the-world-factbook/countries/armenia,Armenia,5082000000.0,,2020,2023-03-31
/the-world-factbook/countries/armenia,Armenia,7603000000.0,,2019,2023-03-31
/the-world-factbook/countries/aruba,Aruba,1947000000.0,,2021,2023-03-31
/the-world-factbook/countries/aruba,Aruba,1644000000.0,,2020,2023-03-31
/the-world-factbook/countries/aruba,Aruba,2240000000.0,,2019,2023-03-31
/the-world-factbook/countries/australia,Australia,298712000000.0,,2021,2023-03-31
/the-world-factbook/countries/australia,Australia,250178000000.0,,2020,2023-03-31
/the-world-factbook/countries/australia,Australia,295504000000.0,,2019,2023-03-31
/the-world-factbook/countries/austria,Austria,265769000000.0,,2021,2023-03-31
/the-world-factbook/countries/austria,Austria,211736000000.0,,2020,2023-03-31
/the-world-factbook/countries/austria,Austria,231992000000.0,,2019,2023-03-31
/the-world-factbook/countries/azerbaijan,Azerbaijan,16337000000.0,,2021,2023-03-31
/the-world-factbook/countries/azerbaijan,Azerbaijan,15538000000.0,,2020,2023-03-31
/the-world-factbook/countries/azerbaijan,Azerbaijan,17712000000.0,,2019,2023-03-31
/the-world-factbook/countries/bahamas-the,"Bahamas, The",4924000000.0,,2021,2023-03-31
/the-world-factbook/countries/bahamas-the,"Bahamas, The",3411000000.0,,2020,2023-03-31
/the-world-factbook/countries/bahamas-the,"Bahamas, The",4840000000.0,,2019,2023-03-31
/the-world-factbook/countries/bahrain,Bahrain,27187000000.0,,2018,2023-03-31
/the-world-factbook/countries/bahrain,Bahrain,23876000000.0,,2017,2023-03-31
/the-world-factbook/countries/bangladesh,Bangladesh,85303000000.0,,2021,2023-03-31
/the-world-factbook/countries/bangladesh,Bangladesh,56776000000.0,,2020,2023-03-31
/the-world-factbook/countries/bangladesh,Bangladesh,64233999999.99999,,2019,2023-03-31
/the-world-factbook/countries/barbados,Barbados,2213000000.0,,2017,2023-03-31
/the-world-factbook/countries/barbados,Barbados,1541000000.0,,2016,2023-03-31
/the-world-factbook/countries/belarus,Belarus,45459000000.0,,2021,2023-03-31
/the-world-factbook/countries/belarus,Belarus,35236000000.0,,2020,2023-03-31
/the-world-factbook/countries/belarus,Belarus,42378000000.0,,2019,2023-03-31
/the-world-factbook/countries/belgium,Belgium,509018000000.0,,2021,2023-03-31
/the-world-factbook/countries/belgium,Belgium,408343000000.0,,2020,2023-03-31
/the-world-factbook/countries/belgium,Belgium,438221000000.0,,2019,2023-03-31
/the-world-factbook/countries/belize,Belize,1252000000.0,,2021,2023-03-31
/the-world-factbook/countries/belize,Belize,901819000.0,,2020,2023-03-31
/the-world-factbook/countries/belize,Belize,1203000000.0,,2019,2023-03-31
/the-world-factbook/countries/benin,Benin,3942000000.0,,2020,2023-03-31
/the-world-factbook/countries/benin,Benin,4307000000.0,,2019,2023-03-31
/the-world-factbook/countries/benin,Benin,4669000000.0,,2018,2023-03-31
/the-world-factbook/countries/bermuda,Bermuda,1925000000.0,,2021,2023-03-31
/the-world-factbook/countries/bermuda,Bermuda,1723000000.0,,2020,2023-03-31
/the-world-factbook/countries/bermuda,Bermuda,2224000000.0,,2019,2023-03-31
/the-world-factbook/countries/bhutan,Bhutan,1026999999.9999999,,2021,2023-03-31
/the-world-factbook/countries/bhutan,Bhutan,1188000000.0,,2020,2023-03-31
/the-world-factbook/countries/bhutan,Bhutan,1230000000.0,,2019,2023-03-31
/the-world-factbook/countries/bolivia,Bolivia,10799000000.0,,2021,2023-03-31
/the-world-factbook/countries/bolivia,Bolivia,8260999999.999999,,2020,2023-03-31
/the-world-factbook/countries/bolivia,Bolivia,11957000000.0,,2019,2023-03-31
/the-world-factbook/countries/bosnia-and-herzegovina,Bosnia and Herzegovina,12726000000.0,,2021,2023-03-31
/the-world-factbook/countries/bosnia-and-herzegovina,Bosnia and Herzegovina,9726000000.0,,2020,2023-03-31
/the-world-factbook/countries/bosnia-and-herzegovina,Bosnia and Herzegovina,11156000000.0,,2019,2023-03-31
/the-world-factbook/countries/botswana,Botswana,9277000000.0,,2021,2023-03-31
/the-world-factbook/countries/botswana,Botswana,7413000000.0,,2020,2023-03-31
/the-world-factbook/countries/botswana,Botswana,7696000000.0,,2019,2023-03-31
/the-world-factbook/countries/brazil,Brazil,297924000000.0,,2021,2023-03-31
/the-world-factbook/countries/brazil,Brazil,227854000000.0,,2020,2023-03-31
/the-world-factbook/countries/brazil,Brazil,269017000000.0,,2019,2023-03-31
/the-world-factbook/countries/british-virgin-islands,British Virgin Islands,300000000.0,,2017,2023-03-31
/the-world-factbook/countries/british-virgin-islands,British Virgin Islands,210000000.0,,2016,2023-03-31
/the-world-factbook/countries/brunei,Brunei,9219000000.0,,2021,2023-03-31
/the-world-factbook/countries/brunei,Brunei,6382000000.0,,2020,2023-03-31
/the-world-factbook/countries/brunei,Brunei,6806000000.0,,2019,2023-03-31
/the-world-factbook/countries/bulgaria,Bulgaria,50059000000.0,,2021,2023-03-31
/the-world-factbook/countries/bulgaria,Bulgaria,38197000000.0,,2020,2023-03-31
/the-world-factbook/countries/bulgaria,Bulgaria,41843000000.0,,2019,2023-03-31
/the-world-factbook/countries/burkina-faso,Burkina Faso,4779000000.0,,2020,2023-03-31
/the-world-factbook/countries/burkina-faso,Burkina Faso,5023000000.0,,2019,2023-03-31
/the-world-factbook/countries/burkina-faso,Burkina Faso,5167000000.0,,2018,2023-03-31
/the-world-factbook/countries/burma,Burma,17356000000.0,"import figures are grossly underestimated due to the value of consumer goods, diesel fuel, and other products smuggled in from Thailand, China, Malaysia, and India",2019,2023-03-31
/the-world-factbook/countries/burma,Burma,18664000000.0,"import figures are grossly underestimated due to the value of consumer goods, diesel fuel, and other products smuggled in from Thailand, China, Malaysia, and India",2018,2023-03-31
/the-world-factbook/countries/burma,Burma,18459000000.0,"import figures are grossly underestimated due to the value of consumer goods, diesel fuel, and other products smuggled in from Thailand, China, Malaysia, and India",2017,2023-03-31
/the-world-factbook/countries/burundi,Burundi,905294000.0,,2018,2023-03-31
/the-world-factbook/countries/burundi,Burundi,885422000.0,,2017,2023-03-31
/the-world-factbook/countries/burundi,Burundi,1295000000.0,,2017,2023-03-31
/the-world-factbook/countries/cabo-verde,Cabo Verde,1117000000.0,,2021,2023-03-31
/the-world-factbook/countries/cabo-verde,Cabo Verde,1008000000.0,,2020,2023-03-31
/the-world-factbook/countries/cabo-verde,Cabo Verde,1287000000.0,,2019,2023-03-31
/the-world-factbook/countries/cambodia,Cambodia,32830000000.0,,2021,2023-03-31
/the-world-factbook/countries/cambodia,Cambodia,23091000000.0,,2020,2023-03-31
/the-world-factbook/countries/cambodia,Cambodia,25516000000.0,,2019,2023-03-31
/the-world-factbook/countries/cameroon,Cameroon,9027000000.0,,2021,2023-03-31
/the-world-factbook/countries/cameroon,Cameroon,7212000000.0,,2020,2023-03-31
/the-world-factbook/countries/cameroon,Cameroon,9085000000.0,,2019,2023-03-31
/the-world-factbook/countries/canada,Canada,609256000000.0,,2021,2023-03-31
/the-world-factbook/countries/canada,Canada,517964000000.00006,,2020,2023-03-31
/the-world-factbook/countries/canada,Canada,589037000000.0,,2019,2023-03-31
/the-world-factbook/countries/cayman-islands,Cayman Islands,2507000000.0,,2020,2023-03-31
/the-world-factbook/countries/cayman-islands,Cayman Islands,2743000000.0,,2019,2023-03-31
/the-world-factbook/countries/cayman-islands,Cayman Islands,2518000000.0,,2018,2023-03-31
/the-world-factbook/countries/central-african-republic,Central African Republic,393100000.0,,2017,2023-03-31
/the-world-factbook/countries/central-african-republic,Central African Republic,342200000.0,,2016,2023-03-31
/the-world-factbook/countries/chad,Chad,2160000000.0,,2017,2023-03-31
/the-world-factbook/countries/chad,Chad,1997000000.0,,2016,2023-03-31
/the-world-factbook/countries/chile,Chile,102086000000.0,,2021,2023-03-31
/the-world-factbook/countries/chile,Chile,68117999999.99999,,2020,2023-03-31
/the-world-factbook/countries/chile,Chile,82324000000.0,,2019,2023-03-31
/the-world-factbook/countries/china,China,3091000000000.0,,2021,2023-03-31
/the-world-factbook/countries/china,China,2380000000000.0,,2020,2023-03-31
/the-world-factbook/countries/china,China,2499000000000.0,,2019,2023-03-31
/the-world-factbook/countries/christmas-island,Christmas Island,,,,2023-03-31
/the-world-factbook/countries/cocos-keeling-islands,Cocos (Keeling) Islands,,,,2023-03-31
/the-world-factbook/countries/colombia,Colombia,70840000000.0,,2021,2023-03-31
/the-world-factbook/countries/colombia,Colombia,51312000000.0,,2020,2023-03-31
/the-world-factbook/countries/colombia,Colombia,65470000000.0,,2019,2023-03-31
/the-world-factbook/countries/comoros,Comoros,407000000.0,,2021,2023-03-31
/the-world-factbook/countries/comoros,Comoros,344000000.0,,2020,2023-03-31
/the-world-factbook/countries/comoros,Comoros,353000000.0,,2019,2023-03-31
/the-world-factbook/countries/congo-democratic-republic-of-the,"Congo, Democratic Republic of the",22193000000.0,,2021,2023-03-31
/the-world-factbook/countries/congo-democratic-republic-of-the,"Congo, Democratic Republic of the",14557000000.0,,2020,2023-03-31
/the-world-factbook/countries/congo-democratic-republic-of-the,"Congo, Democratic Republic of the",16892000000.0,,2019,2023-03-31
/the-world-factbook/countries/congo-republic-of-the,"Congo, Republic of the",3279000000.0,,2020,2023-03-31
/the-world-factbook/countries/congo-republic-of-the,"Congo, Republic of the",4945000000.0,,2019,2023-03-31
/the-world-factbook/countries/cook-islands,Cook Islands,109300000.0,,2011,2023-03-31
/the-world-factbook/countries/cook-islands,Cook Islands,90620000.0,,2010,2023-03-31
/the-world-factbook/countries/costa-rica,Costa Rica,22298000000.0,,2021,2023-03-31
/the-world-factbook/countries/costa-rica,Costa Rica,17701000000.0,,2020,2023-03-31
/the-world-factbook/countries/costa-rica,Costa Rica,20314000000.0,,2019,2023-03-31
/the-world-factbook/countries/cote-divoire,Cote d'Ivoire,12660000000.0,,2020,2023-03-31
/the-world-factbook/countries/cote-divoire,Cote d'Ivoire,12881000000.0,,2019,2023-03-31
/the-world-factbook/countries/cote-divoire,Cote d'Ivoire,13183000000.0,,2018,2023-03-31
/the-world-factbook/countries/croatia,Croatia,36331000000.0,,2021,2023-03-31
/the-world-factbook/countries/croatia,Croatia,27954000000.0,,2020,2023-03-31
/the-world-factbook/countries/croatia,Croatia,31793000000.0,,2019,2023-03-31
/the-world-factbook/countries/cuba,Cuba,11060000000.0,,2017,2023-03-31
/the-world-factbook/countries/cuba,Cuba,10280000000.0,,2016,2023-03-31
/the-world-factbook/countries/curacao,Curacao,1915000000.0,,2021,2023-03-31
/the-world-factbook/countries/curacao,Curacao,1709000000.0,,2020,2023-03-31
/the-world-factbook/countries/curacao,Curacao,2331000000.0,,2019,2023-03-31
/the-world-factbook/countries/cyprus,Cyprus,23748000000.0,,2021,2023-03-31
/the-world-factbook/countries/cyprus,Cyprus,20711000000.0,,2020,2023-03-31
/the-world-factbook/countries/cyprus,Cyprus,19575000000.0,,2019,2023-03-31
/the-world-factbook/countries/czechia,Czechia,196243000000.0,,2021,2023-03-31
/the-world-factbook/countries/czechia,Czechia,156129000000.0,,2020,2023-03-31
/the-world-factbook/countries/czechia,Czechia,171429000000.0,,2019,2023-03-31
/the-world-factbook/countries/denmark,Denmark,208121000000.0,,2021,2023-03-31
/the-world-factbook/countries/denmark,Denmark,172868000000.0,,2020,2023-03-31
/the-world-factbook/countries/denmark,Denmark,179356000000.0,,2019,2023-03-31
/the-world-factbook/countries/djibouti,Djibouti,5483000000.0,,2021,2023-03-31
/the-world-factbook/countries/djibouti,Djibouti,3425000000.0,,2020,2023-03-31
/the-world-factbook/countries/djibouti,Djibouti,4764000000.0,,2019,2023-03-31
/the-world-factbook/countries/dominica,Dominica,302000000.0,,2021,2023-03-31
/the-world-factbook/countries/dominica,Dominica,279000000.0,,2020,2023-03-31
/the-world-factbook/countries/dominica,Dominica,415000000.0,,2019,2023-03-31
/the-world-factbook/countries/dominican-republic,Dominican Republic,28541000000.0,,2021,2023-03-31
/the-world-factbook/countries/dominican-republic,Dominican Republic,20302000000.0,,2020,2023-03-31
/the-world-factbook/countries/dominican-republic,Dominican Republic,24526000000.0,,2019,2023-03-31
/the-world-factbook/countries/ecuador,Ecuador,28567000000.0,,2021,2023-03-31
/the-world-factbook/countries/ecuador,Ecuador,19877000000.0,,2020,2023-03-31
/the-world-factbook/countries/ecuador,Ecuador,25890000000.0,,2019,2023-03-31
/the-world-factbook/countries/egypt,Egypt,94039000000.0,,2021,2023-03-31
/the-world-factbook/countries/egypt,Egypt,72482000000.0,,2020,2023-03-31
/the-world-factbook/countries/egypt,Egypt,78951000000.0,,2019,2023-03-31
/the-world-factbook/countries/el-salvador,El Salvador,15754000000.0,,2021,2023-03-31
/the-world-factbook/countries/el-salvador,El Salvador,10764000000.0,,2020,2023-03-31
/the-world-factbook/countries/el-salvador,El Salvador,12469000000.0,,2019,2023-03-31
/the-world-factbook/countries/equatorial-guinea,Equatorial Guinea,6245000000.0,,2019,2023-03-31
/the-world-factbook/countries/equatorial-guinea,Equatorial Guinea,6129000000.0,,2018,2023-03-31
/the-world-factbook/countries/equatorial-guinea,Equatorial Guinea,5708000000.0,,2017,2023-03-31
/the-world-factbook/countries/eritrea,Eritrea,1127000000.0,,2017,2023-03-31
/the-world-factbook/countries/eritrea,Eritrea,1048000000.0,,2016,2023-03-31
/the-world-factbook/countries/estonia,Estonia,29234000000.0,,2021,2023-03-31
/the-world-factbook/countries/estonia,Estonia,21813000000.0,,2020,2023-03-31
/the-world-factbook/countries/estonia,Estonia,21712000000.0,,2019,2023-03-31
/the-world-factbook/countries/eswatini,Eswatini,2173000000.0,,2021,2023-03-31
/the-world-factbook/countries/eswatini,Eswatini,1686000000.0,,2020,2023-03-31
/the-world-factbook/countries/eswatini,Eswatini,1924000000.0,,2019,2023-03-31
/the-world-factbook/countries/ethiopia,Ethiopia,20859000000.0,,2021,2023-03-31
/the-world-factbook/countries/ethiopia,Ethiopia,17170000000.000002,,2020,2023-03-31
/the-world-factbook/countries/ethiopia,Ethiopia,19227000000.0,,2019,2023-03-31
/the-world-factbook/countries/falkland-islands-islas-malvinas,Falkland Islands (Islas Malvinas),90000000.0,,2004,2023-03-31
/the-world-factbook/countries/faroe-islands,Faroe Islands,978400000.0,,2016,2023-03-31
/the-world-factbook/countries/faroe-islands,Faroe Islands,906100000.0,,2015,2023-03-31
/the-world-factbook/countries/fiji,Fiji,2344000000.0,,2021,2023-03-31
/the-world-factbook/countries/fiji,Fiji,1977000000.0,,2020,2023-03-31
/the-world-factbook/countries/fiji,Fiji,3206000000.0,,2019,2023-03-31
/the-world-factbook/countries/finland,Finland,116277000000.0,,2021,2023-03-31
/the-world-factbook/countries/finland,Finland,97037000000.0,,2020,2023-03-31
/the-world-factbook/countries/finland,Finland,106664000000.0,,2019,2023-03-31
/the-world-factbook/countries/france,France,957717000000.0,,2021,2023-03-31
/the-world-factbook/countries/france,France,796353000000.0,,2020,2023-03-31
/the-world-factbook/countries/france,France,916214000000.0,,2019,2023-03-31
/the-world-factbook/countries/french-polynesia,French Polynesia,2235000000.0,,2014,2023-03-31
/the-world-factbook/countries/french-polynesia,French Polynesia,2271000000.0,,2013,2023-03-31
/the-world-factbook/countries/gabon,Gabon,5020000000.0,,2019,2023-03-31
/the-world-factbook/countries/gabon,Gabon,4722000000.0,,2018,2023-03-31
/the-world-factbook/countries/gabon,Gabon,4749000000.0,,2017,2023-03-31
/the-world-factbook/countries/gambia-the,"Gambia, The",726000000.0,,2021,2023-03-31
/the-world-factbook/countries/gambia-the,"Gambia, The",691000000.0,,2020,2023-03-31
/the-world-factbook/countries/gambia-the,"Gambia, The",641000000.0,,2019,2023-03-31
/the-world-factbook/countries/gaza-strip,Gaza Strip,10245000000.0,,2021,2023-03-31
/the-world-factbook/countries/gaza-strip,Gaza Strip,8064999999.999999,,2020,2023-03-31
/the-world-factbook/countries/gaza-strip,Gaza Strip,9161000000.0,,2019,2023-03-31
/the-world-factbook/countries/gaza-strip,Gaza Strip,,,,2023-03-31
/the-world-factbook/countries/georgia,Georgia,11151000000.0,,2021,2023-03-31
/the-world-factbook/countries/georgia,Georgia,8967000000.0,,2020,2023-03-31
/the-world-factbook/countries/georgia,Georgia,11162000000.0,,2019,2023-03-31
/the-world-factbook/countries/germany,Germany,1775000000000.0,,2021,2023-03-31
/the-world-factbook/countries/germany,Germany,1454000000000.0,,2020,2023-03-31
/the-world-factbook/countries/germany,Germany,1595000000000.0,,2019,2023-03-31
/the-world-factbook/countries/ghana,Ghana,25967000000.0,,2021,2023-03-31
/the-world-factbook/countries/ghana,Ghana,24545000000.0,,2020,2023-03-31
/the-world-factbook/countries/ghana,Ghana,26908000000.0,,2019,2023-03-31
/the-world-factbook/countries/gibraltar,Gibraltar,2967000000.0,,2004,2023-03-31
/the-world-factbook/countries/greece,Greece,103532000000.0,,2021,2023-03-31
/the-world-factbook/countries/greece,Greece,71758000000.0,,2020,2023-03-31
/the-world-factbook/countries/greece,Greece,83192000000.0,,2019,2023-03-31
/the-world-factbook/countries/greenland,Greenland,783500000.0,,2015,2023-03-31
/the-world-factbook/countries/greenland,Greenland,866100000.0,,2014,2023-03-31
/the-world-factbook/countries/grenada,Grenada,650000000.0,,2021,2023-03-31
/the-world-factbook/countries/grenada,Grenada,587000000.0,,2020,2023-03-31
/the-world-factbook/countries/grenada,Grenada,727000000.0,,2019,2023-03-31
/the-world-factbook/countries/guam,Guam,2964000000.0,,2016,2023-03-31
/the-world-factbook/countries/guam,Guam,3054000000.0,,2015,2023-03-31
/the-world-factbook/countries/guatemala,Guatemala,27388000000.0,,2021,2023-03-31
/the-world-factbook/countries/guatemala,Guatemala,19267000000.0,,2020,2023-03-31
/the-world-factbook/countries/guatemala,Guatemala,21527000000.0,,2019,2023-03-31
/the-world-factbook/countries/guernsey,Guernsey,,,,2023-03-31
/the-world-factbook/countries/guinea,Guinea,5353000000.0,,2021,2023-03-31
/the-world-factbook/countries/guinea,Guinea,6314000000.0,,2020,2023-03-31
/the-world-factbook/countries/guinea,Guinea,4320000000.0,,2019,2023-03-31
/the-world-factbook/countries/guinea-bissau,Guinea-Bissau,439000000.0,,2020,2023-03-31
/the-world-factbook/countries/guinea-bissau,Guinea-Bissau,502000000.0,,2019,2023-03-31
/the-world-factbook/countries/guinea-bissau,Guinea-Bissau,459000000.0,,2018,2023-03-31
/the-world-factbook/countries/guyana,Guyana,6611000000.0,,2021,2023-03-31
/the-world-factbook/countries/guyana,Guyana,3756000000.0,,2020,2023-03-31
/the-world-factbook/countries/guyana,Guyana,5025000000.0,,2019,2023-03-31
/the-world-factbook/countries/haiti,Haiti,5222000000.0,,2021,2023-03-31
/the-world-factbook/countries/haiti,Haiti,4206000000.0000005,,2020,2023-03-31
/the-world-factbook/countries/haiti,Haiti,5161000000.0,,2019,2023-03-31
/the-world-factbook/countries/honduras,Honduras,14495000000.0,,2021,2023-03-31
/the-world-factbook/countries/honduras,Honduras,9928000000.0,,2020,2023-03-31
/the-world-factbook/countries/honduras,Honduras,11825000000.0,,2019,2023-03-31
/the-world-factbook/countries/hong-kong,Hong Kong,733459000000.0,,2021,2023-03-31
/the-world-factbook/countries/hong-kong,Hong Kong,601528000000.0,,2020,2023-03-31
/the-world-factbook/countries/hong-kong,Hong Kong,639363000000.0,,2019,2023-03-31
/the-world-factbook/countries/hungary,Hungary,147577000000.0,,2021,2023-03-31
/the-world-factbook/countries/hungary,Hungary,121016000000.0,,2020,2023-03-31
/the-world-factbook/countries/hungary,Hungary,129901000000.00002,,2019,2023-03-31
/the-world-factbook/countries/iceland,Iceland,10234000000.0,,2021,2023-03-31
/the-world-factbook/countries/iceland,Iceland,7616000000.0,,2020,2023-03-31
/the-world-factbook/countries/iceland,Iceland,9891000000.0,,2019,2023-03-31
/the-world-factbook/countries/india,India,717119000000.0,,2021,2023-03-31
/the-world-factbook/countries/india,India,493033000000.0,,2020,2023-03-31
/the-world-factbook/countries/india,India,619485000000.0,,2019,2023-03-31
/the-world-factbook/countries/indonesia,Indonesia,217715000000.0,,2021,2023-03-31
/the-world-factbook/countries/indonesia,Indonesia,159872000000.0,,2020,2023-03-31
/the-world-factbook/countries/indonesia,Indonesia,204230000000.0,,2019,2023-03-31
/the-world-factbook/countries/iran,Iran,76390000000.0,,2017,2023-03-31
/the-world-factbook/countries/iran,Iran,63140000000.0,,2016,2023-03-31
/the-world-factbook/countries/iraq,Iraq,50707000000.0,,2021,2023-03-31
/the-world-factbook/countries/iraq,Iraq,54722000000.0,,2020,2023-03-31
/the-world-factbook/countries/iraq,Iraq,72283000000.0,,2019,2023-03-31
/the-world-factbook/countries/ireland,Ireland,477544000000.0,,2021,2023-03-31
/the-world-factbook/countries/ireland,Ireland,486946000000.0,,2020,2023-03-31
/the-world-factbook/countries/ireland,Ireland,452979000000.0,,2019,2023-03-31
/the-world-factbook/countries/isle-of-man,Isle of Man,,,,2023-03-31
/the-world-factbook/countries/israel,Israel,124578000000.0,,2021,2023-03-31
/the-world-factbook/countries/israel,Israel,95977000000.0,,2020,2023-03-31
/the-world-factbook/countries/israel,Israel,108784000000.0,,2019,2023-03-31
/the-world-factbook/countries/italy,Italy,637934000000.0,,2021,2023-03-31
/the-world-factbook/countries/italy,Italy,490684000000.0,,2020,2023-03-31
/the-world-factbook/countries/italy,Italy,568796000000.0,,2019,2023-03-31
/the-world-factbook/countries/jamaica,Jamaica,7414000000.0,,2021,2023-03-31
/the-world-factbook/countries/jamaica,Jamaica,5911000000.0,,2020,2023-03-31
/the-world-factbook/countries/jamaica,Jamaica,8317000000.0,,2019,2023-03-31
/the-world-factbook/countries/japan,Japan,941671000000.0,,2021,2023-03-31
/the-world-factbook/countries/japan,Japan,801889000000.0,,2020,2023-03-31
/the-world-factbook/countries/japan,Japan,913248000000.0,,2019,2023-03-31
/the-world-factbook/countries/jersey,Jersey,,,,2023-03-31
/the-world-factbook/countries/jordan,Jordan,23392000000.0,,2021,2023-03-31
/the-world-factbook/countries/jordan,Jordan,18424000000.0,,2020,2023-03-31
/the-world-factbook/countries/jordan,Jordan,21964000000.0,,2019,2023-03-31
/the-world-factbook/countries/kazakhstan,Kazakhstan,49196000000.0,,2021,2023-03-31
/the-world-factbook/countries/kazakhstan,Kazakhstan,46218000000.0,,2020,2023-03-31
/the-world-factbook/countries/kazakhstan,Kazakhstan,52539000000.0,,2019,2023-03-31
/the-world-factbook/countries/kenya,Kenya,21853000000.0,,2021,2023-03-31
/the-world-factbook/countries/kenya,Kenya,17717000000.0,,2020,2023-03-31
/the-world-factbook/countries/kenya,Kenya,20408000000.0,,2019,2023-03-31
/the-world-factbook/countries/kiribati,Kiribati,201984000.0,,2021,2023-03-31
/the-world-factbook/countries/kiribati,Kiribati,148770000.0,,2020,2023-03-31
/the-world-factbook/countries/kiribati,Kiribati,177149000.0,,2019,2023-03-31
/the-world-factbook/countries/korea-north,North Korea,2320000000.0,,2018,2023-03-31
/the-world-factbook/countries/korea-north,North Korea,3860000000.0,,2016,2023-03-31
/the-world-factbook/countries/korea-south,South Korea,698103000000.0,,2021,2023-03-31
/the-world-factbook/countries/korea-south,South Korea,541570000000.00006,,2020,2023-03-31
/the-world-factbook/countries/korea-south,South Korea,607540000000.0,,2019,2023-03-31
/the-world-factbook/countries/kosovo,Kosovo,6128000000.0,,2021,2023-03-31
/the-world-factbook/countries/kosovo,Kosovo,4187000000.0000005,,2020,2023-03-31
/the-world-factbook/countries/kosovo,Kosovo,4454000000.0,,2019,2023-03-31
/the-world-factbook/countries/kuwait,Kuwait,48954000000.0,,2021,2023-03-31
/the-world-factbook/countries/kuwait,Kuwait,44015000000.0,,2020,2023-03-31
/the-world-factbook/countries/kuwait,Kuwait,59654000000.0,,2019,2023-03-31
/the-world-factbook/countries/kyrgyzstan,Kyrgyzstan,5919000000.0,,2021,2023-03-31
/the-world-factbook/countries/kyrgyzstan,Kyrgyzstan,4051000000.0,,2020,2023-03-31
/the-world-factbook/countries/kyrgyzstan,Kyrgyzstan,5670000000.0,,2019,2023-03-31
/the-world-factbook/countries/laos,Laos,6527000000.0,,2021,2023-03-31
/the-world-factbook/countries/laos,Laos,5816000000.0,,2020,2023-03-31
/the-world-factbook/countries/laos,Laos,7518000000.0,,2019,2023-03-31
/the-world-factbook/countries/latvia,Latvia,26622000000.0,,2021,2023-03-31
/the-world-factbook/countries/latvia,Latvia,20427000000.0,,2020,2023-03-31
/the-world-factbook/countries/latvia,Latvia,20765000000.0,,2019,2023-03-31
/the-world-factbook/countries/lebanon,Lebanon,17383000000.0,,2021,2023-03-31
/the-world-factbook/countries/lebanon,Lebanon,15206000000.0,,2020,2023-03-31
/the-world-factbook/countries/lebanon,Lebanon,31147000000.0,,2019,2023-03-31
/the-world-factbook/countries/lesotho,Lesotho,2221000000.0,,2021,2023-03-31
/the-world-factbook/countries/lesotho,Lesotho,1980000000.0,,2020,2023-03-31
/the-world-factbook/countries/lesotho,Lesotho,2230000000.0,,2019,2023-03-31
/the-world-factbook/countries/liberia,Liberia,1244000000.0,,2019,2023-03-31
/the-world-factbook/countries/liberia,Liberia,1245000000.0,,2018,2023-03-31
/the-world-factbook/countries/liberia,Liberia,1232000000.0,,2017,2023-03-31
/the-world-factbook/countries/libya,Libya,14334000000.0,,2020,2023-03-31
/the-world-factbook/countries/libya,Libya,25368000000.0,,2019,2023-03-31
/the-world-factbook/countries/libya,Libya,18849000000.0,,2018,2023-03-31
/the-world-factbook/countries/liechtenstein,Liechtenstein,2230000000.0,trade data exclude trade with Switzerland,2014,2023-03-31
/the-world-factbook/countries/lithuania,Lithuania,50377000000.0,,2021,2023-03-31
/the-world-factbook/countries/lithuania,Lithuania,36414000000.0,,2020,2023-03-31
/the-world-factbook/countries/lithuania,Lithuania,39419000000.0,,2019,2023-03-31
/the-world-factbook/countries/luxembourg,Luxembourg,148150000000.0,,2021,2023-03-31
/the-world-factbook/countries/luxembourg,Luxembourg,121328000000.0,,2020,2023-03-31
/the-world-factbook/countries/luxembourg,Luxembourg,116803000000.0,,2019,2023-03-31
/the-world-factbook/countries/macau,Macau,22788000000.0,,2021,2023-03-31
/the-world-factbook/countries/macau,Macau,15216000000.0,,2020,2023-03-31
/the-world-factbook/countries/macau,Macau,17594000000.0,,2019,2023-03-31
/the-world-factbook/countries/madagascar,Madagascar,4768000000.0,,2021,2023-03-31
/the-world-factbook/countries/madagascar,Madagascar,3718000000.0,,2020,2023-03-31
/the-world-factbook/countries/madagascar,Madagascar,4685000000.0,,2019,2023-03-31
/the-world-factbook/countries/malawi,Malawi,3582000000.0,,2021,2023-03-31
/the-world-factbook/countries/malawi,Malawi,3208000000.0,,2020,2023-03-31
/the-world-factbook/countries/malawi,Malawi,3266000000.0,,2019,2023-03-31
/the-world-factbook/countries/malaysia,Malaysia,230188000000.0,,2021,2023-03-31
/the-world-factbook/countries/malaysia,Malaysia,186613000000.0,,2020,2023-03-31
/the-world-factbook/countries/malaysia,Malaysia,210860000000.0,,2019,2023-03-31
/the-world-factbook/countries/maldives,Maldives,3501000000.0,,2021,2023-03-31
/the-world-factbook/countries/maldives,Maldives,2449000000.0,,2020,2023-03-31
/the-world-factbook/countries/maldives,Maldives,4090000000.0,,2019,2023-03-31
/the-world-factbook/countries/mali,Mali,6339000000.0,,2020,2023-03-31
/the-world-factbook/countries/mali,Mali,6559000000.0,,2019,2023-03-31
/the-world-factbook/countries/mali,Mali,6081000000.0,,2018,2023-03-31
/the-world-factbook/countries/malta,Malta,21362000000.0,,2021,2023-03-31
/the-world-factbook/countries/malta,Malta,18328000000.0,,2020,2023-03-31
/the-world-factbook/countries/malta,Malta,18578000000.0,,2019,2023-03-31
/the-world-factbook/countries/marshall-islands,Marshall Islands,171201000.0,,2020,2023-03-31
/the-world-factbook/countries/marshall-islands,Marshall Islands,91814000.0,,2019,2023-03-31
/the-world-factbook/countries/marshall-islands,Marshall Islands,174722000.0,,2018,2023-03-31
/the-world-factbook/countries/mauritania,Mauritania,4312000000.0,,2021,2023-03-31
/the-world-factbook/countries/mauritania,Mauritania,3675000000.0,,2020,2023-03-31
/the-world-factbook/countries/mauritania,Mauritania,3683000000.0,,2019,2023-03-31
/the-world-factbook/countries/mauritius,Mauritius,6082000000.0,,2021,2023-03-31
/the-world-factbook/countries/mauritius,Mauritius,5222000000.0,,2020,2023-03-31
/the-world-factbook/countries/mauritius,Mauritius,7365000000.0,,2019,2023-03-31
/the-world-factbook/countries/mexico,Mexico,544751999999.99994,,2021,2023-03-31
/the-world-factbook/countries/mexico,Mexico,411458000000.0,,2020,2023-03-31
/the-world-factbook/countries/mexico,Mexico,495391000000.0,,2019,2023-03-31
/the-world-factbook/countries/micronesia-federated-states-of,"Micronesia, Federated States of",167800000.0,,2015,2023-03-31
/the-world-factbook/countries/micronesia-federated-states-of,"Micronesia, Federated States of",258500000.0,,2013,2023-03-31
/the-world-factbook/countries/moldova,Moldova,7915000000.0,,2021,2023-03-31
/the-world-factbook/countries/moldova,Moldova,5918000000.0,,2020,2023-03-31
/the-world-factbook/countries/moldova,Moldova,6608000000.0,,2019,2023-03-31
/the-world-factbook/countries/monaco,Monaco,1371000000.0,"full customs integration with France, which collects and rebates Monegasque trade duties; also participates in EU market system through customs union with France",2017,2023-03-31
/the-world-factbook/countries/monaco,Monaco,1162000000.0,"full customs integration with France, which collects and rebates Monegasque trade duties; also participates in EU market system through customs union with France",2011,2023-03-31
/the-world-factbook/countries/mongolia,Mongolia,9256000000.0,,2021,2023-03-31
/the-world-factbook/countries/mongolia,Mongolia,7340000000.0,,2020,2023-03-31
/the-world-factbook/countries/mongolia,Mongolia,9249000000.0,,2019,2023-03-31
/the-world-factbook/countries/montenegro,Montenegro,3637000000.0,,2021,2023-03-31
/the-world-factbook/countries/montenegro,Montenegro,2917000000.0,,2020,2023-03-31
/the-world-factbook/countries/montenegro,Montenegro,3600000000.0,,2019,2023-03-31
/the-world-factbook/countries/montserrat,Montserrat,39440000.0,,2017,2023-03-31
/the-world-factbook/countries/montserrat,Montserrat,36100000.0,,2016,2023-03-31
/the-world-factbook/countries/morocco,Morocco,60047000000.0,,2021,2023-03-31
/the-world-factbook/countries/morocco,Morocco,46358000000.0,,2020,2023-03-31
/the-world-factbook/countries/morocco,Morocco,54097000000.0,,2019,2023-03-31
/the-world-factbook/countries/mozambique,Mozambique,10392000000.0,,2021,2023-03-31
/the-world-factbook/countries/mozambique,Mozambique,8630000000.0,,2020,2023-03-31
/the-world-factbook/countries/mozambique,Mozambique,9503000000.0,,2019,2023-03-31
/the-world-factbook/countries/namibia,Namibia,6055000000.0,,2021,2023-03-31
/the-world-factbook/countries/namibia,Namibia,4614000000.0,,2020,2023-03-31
/the-world-factbook/countries/namibia,Namibia,5808000000.0,,2019,2023-03-31
/the-world-factbook/countries/nauru,Nauru,94796000.0,,2018,2023-03-31
/the-world-factbook/countries/nauru,Nauru,91571000.0,,2017,2023-03-31
/the-world-factbook/countries/nepal,Nepal,16992999999.999998,,2021,2023-03-31
/the-world-factbook/countries/nepal,Nepal,10694000000.0,,2020,2023-03-31
/the-world-factbook/countries/nepal,Nepal,13836000000.0,,2019,2023-03-31
/the-world-factbook/countries/netherlands,Netherlands,735700000000.0,,2021,2023-03-31
/the-world-factbook/countries/netherlands,Netherlands,620500000000.0,,2020,2023-03-31
/the-world-factbook/countries/netherlands,Netherlands,662000000000.0,,2019,2023-03-31
/the-world-factbook/countries/new-caledonia,New Caledonia,2715000000.0,,2015,2023-03-31
/the-world-factbook/countries/new-caledonia,New Caledonia,4400000000.0,,2014,2023-03-31
/the-world-factbook/countries/new-zealand,New Zealand,62862000000.0,,2021,2023-03-31
/the-world-factbook/countries/new-zealand,New Zealand,48104000000.0,,2020,2023-03-31
/the-world-factbook/countries/new-zealand,New Zealand,57682000000.0,,2019,2023-03-31
/the-world-factbook/countries/nicaragua,Nicaragua,8305999999.999999,,2021,2023-03-31
/the-world-factbook/countries/nicaragua,Nicaragua,5939000000.0,,2020,2023-03-31
/the-world-factbook/countries/nicaragua,Nicaragua,6252000000.0,,2019,2023-03-31
/the-world-factbook/countries/niger,Niger,3542000000.0,,2020,2023-03-31
/the-world-factbook/countries/niger,Niger,3395000000.0,,2019,2023-03-31
/the-world-factbook/countries/niger,Niger,3369000000.0,,2018,2023-03-31
/the-world-factbook/countries/nigeria,Nigeria,66107000000.0,,2021,2023-03-31
/the-world-factbook/countries/nigeria,Nigeria,72178000000.0,,2020,2023-03-31
/the-world-factbook/countries/nigeria,Nigeria,100820000000.0,,2019,2023-03-31
/the-world-factbook/countries/niue,Niue,9038000.0,,2004,2023-03-31
/the-world-factbook/countries/norfolk-island,Norfolk Island,,,,2023-03-31
/the-world-factbook/countries/north-macedonia,North Macedonia,11354000000.0,,2021,2023-03-31
/the-world-factbook/countries/north-macedonia,North Macedonia,8773000000.0,,2020,2023-03-31
/the-world-factbook/countries/north-macedonia,North Macedonia,9605000000.0,,2019,2023-03-31
/the-world-factbook/countries/northern-mariana-islands,Northern Mariana Islands,893000000.0,,2016,2023-03-31
/the-world-factbook/countries/northern-mariana-islands,Northern Mariana Islands,638000000.0,,2015,2023-03-31
/the-world-factbook/countries/norway,Norway,140444000000.0,,2021,2023-03-31
/the-world-factbook/countries/norway,Norway,119632000000.0,,2020,2023-03-31
/the-world-factbook/countries/norway,Norway,140211000000.0,,2019,2023-03-31
/the-world-factbook/countries/oman,Oman,36502000000.0,,2021,2023-03-31
/the-world-factbook/countries/oman,Oman,34022000000.0,,2020,2023-03-31
/the-world-factbook/countries/oman,Oman,32569000000.000004,,2019,2023-03-31
/the-world-factbook/countries/pakistan,Pakistan,76392000000.0,,2021,2023-03-31
/the-world-factbook/countries/pakistan,Pakistan,52098000000.0,,2020,2023-03-31
/the-world-factbook/countries/pakistan,Pakistan,57976000000.0,,2019,2023-03-31
/the-world-factbook/countries/palau,Palau,180380000.0,,2021,2023-03-31
/the-world-factbook/countries/palau,Palau,215970000.0,,2020,2023-03-31
/the-world-factbook/countries/palau,Palau,226594000.0,,2019,2023-03-31
/the-world-factbook/countries/panama,Panama,24627000000.0,includes the Colon Free Zone,2021,2023-03-31
/the-world-factbook/countries/panama,Panama,17502000000.0,includes the Colon Free Zone,2020,2023-03-31
/the-world-factbook/countries/panama,Panama,27599000000.0,includes the Colon Free Zone,2019,2023-03-31
/the-world-factbook/countries/papua-new-guinea,Papua New Guinea,4844000000.0,,2018,2023-03-31
/the-world-factbook/countries/papua-new-guinea,Papua New Guinea,4662000000.0,,2017,2023-03-31
/the-world-factbook/countries/paraguay,Paraguay,13454000000.0,,2021,2023-03-31
/the-world-factbook/countries/paraguay,Paraguay,10460000000.0,,2020,2023-03-31
/the-world-factbook/countries/paraguay,Paraguay,13146000000.0,,2019,2023-03-31
/the-world-factbook/countries/peru,Peru,58611000000.0,,2021,2023-03-31
/the-world-factbook/countries/peru,Peru,42093000000.0,,2020,2023-03-31
/the-world-factbook/countries/peru,Peru,51778000000.0,,2019,2023-03-31
/the-world-factbook/countries/philippines,Philippines,126508000000.0,,2021,2023-03-31
/the-world-factbook/countries/philippines,Philippines,99943000000.0,,2020,2023-03-31
/the-world-factbook/countries/philippines,Philippines,131013000000.0,,2019,2023-03-31
/the-world-factbook/countries/pitcairn-islands,Pitcairn Islands,,,,2023-03-31
/the-world-factbook/countries/poland,Poland,380699000000.0,,2021,2023-03-31
/the-world-factbook/countries/poland,Poland,295897000000.0,,2020,2023-03-31
/the-world-factbook/countries/poland,Poland,302525000000.0,,2019,2023-03-31
/the-world-factbook/countries/portugal,Portugal,112413000000.0,,2021,2023-03-31
/the-world-factbook/countries/portugal,Portugal,89515000000.0,,2020,2023-03-31
/the-world-factbook/countries/portugal,Portugal,103009000000.0,,2019,2023-03-31
/the-world-factbook/countries/puerto-rico,Puerto Rico,49010000000.0,,2017,2023-03-31
/the-world-factbook/countries/puerto-rico,Puerto Rico,48860000000.0,,2016,2023-03-31
/the-world-factbook/countries/qatar,Qatar,61204000000.0,,2021,2023-03-31
/the-world-factbook/countries/qatar,Qatar,59065000000.0,,2020,2023-03-31
/the-world-factbook/countries/qatar,Qatar,66769999999.99999,,2019,2023-03-31
/the-world-factbook/countries/romania,Romania,132056000000.00002,,2021,2023-03-31
/the-world-factbook/countries/romania,Romania,103899000000.0,,2020,2023-03-31
/the-world-factbook/countries/romania,Romania,111184000000.0,,2019,2023-03-31
/the-world-factbook/countries/russia,Russia,379947000000.0,,2021,2023-03-31
/the-world-factbook/countries/russia,Russia,304837000000.0,,2020,2023-03-31
/the-world-factbook/countries/russia,Russia,352358000000.0,,2019,2023-03-31
/the-world-factbook/countries/rwanda,Rwanda,3856000000.0,,2021,2023-03-31
/the-world-factbook/countries/rwanda,Rwanda,3578000000.0,,2020,2023-03-31
/the-world-factbook/countries/rwanda,Rwanda,3737000000.0,,2019,2023-03-31
/the-world-factbook/countries/saint-helena-ascension-and-tristan-da-cunha,"Saint Helena, Ascension, and Tristan da Cunha",20530000.0,,2010,2023-03-31
/the-world-factbook/countries/saint-kitts-and-nevis,Saint Kitts and Nevis,441192000.0,,2021,2023-03-31
/the-world-factbook/countries/saint-kitts-and-nevis,Saint Kitts and Nevis,432584000.0,,2020,2023-03-31
/the-world-factbook/countries/saint-kitts-and-nevis,Saint Kitts and Nevis,602385000.0,,2019,2023-03-31
/the-world-factbook/countries/saint-lucia,Saint Lucia,846484000.0,,2021,2023-03-31
/the-world-factbook/countries/saint-lucia,Saint Lucia,672769000.0,,2020,2023-03-31
/the-world-factbook/countries/saint-lucia,Saint Lucia,968174000.0,,2019,2023-03-31
/the-world-factbook/countries/saint-pierre-and-miquelon,Saint Pierre and Miquelon,95350000.0,,2010,2023-03-31
/the-world-factbook/countries/saint-pierre-and-miquelon,Saint Pierre and Miquelon,68200000.0,,2005,2023-03-31
/the-world-factbook/countries/saint-vincent-and-the-grenadines,Saint Vincent and the Grenadines,415725000.0,,2021,2023-03-31
/the-world-factbook/countries/saint-vincent-and-the-grenadines,Saint Vincent and the Grenadines,373621000.0,,2020,2023-03-31
/the-world-factbook/countries/saint-vincent-and-the-grenadines,Saint Vincent and the Grenadines,425280000.0,,2019,2023-03-31
/the-world-factbook/countries/samoa,Samoa,430011000.0,,2021,2023-03-31
/the-world-factbook/countries/samoa,Samoa,376791000.0,,2020,2023-03-31
/the-world-factbook/countries/samoa,Samoa,456707000.0,,2019,2023-03-31
/the-world-factbook/countries/san-marino,San Marino,2551000000.0,,2011,2023-03-31
/the-world-factbook/countries/san-marino,San Marino,2132000000.0,,2010,2023-03-31
/the-world-factbook/countries/sao-tome-and-principe,Sao Tome and Principe,201145000.0,,2021,2023-03-31
/the-world-factbook/countries/sao-tome-and-principe,Sao Tome and Principe,160097000.0,,2020,2023-03-31
/the-world-factbook/countries/sao-tome-and-principe,Sao Tome and Principe,189630000.0,,2019,2023-03-31
/the-world-factbook/countries/saudi-arabia,Saudi Arabia,213016000000.0,,2021,2023-03-31
/the-world-factbook/countries/saudi-arabia,Saudi Arabia,182184000000.0,,2020,2023-03-31
/the-world-factbook/countries/saudi-arabia,Saudi Arabia,218941000000.0,,2019,2023-03-31
/the-world-factbook/countries/senegal,Senegal,8960000000.0,,2018,2023-03-31
/the-world-factbook/countries/senegal,Senegal,7499000000.0,,2017,2023-03-31
/the-world-factbook/countries/serbia,Serbia,39039000000.0,,2021,2023-03-31
/the-world-factbook/countries/serbia,Serbia,30177000000.0,,2020,2023-03-31
/the-world-factbook/countries/serbia,Serbia,31286000000.0,,2019,2023-03-31
/the-world-factbook/countries/seychelles,Seychelles,1821000000.0,,2021,2023-03-31
/the-world-factbook/countries/seychelles,Seychelles,1332000000.0,,2020,2023-03-31
/the-world-factbook/countries/seychelles,Seychelles,2025000000.0,,2019,2023-03-31
/the-world-factbook/countries/sierra-leone,Sierra Leone,1418000000.0,,2020,2023-03-31
/the-world-factbook/countries/sierra-leone,Sierra Leone,1818000000.0,,2019,2023-03-31
/the-world-factbook/countries/sierra-leone,Sierra Leone,1594000000.0,,2018,2023-03-31
/the-world-factbook/countries/singapore,Singapore,609280000000.0,,2021,2023-03-31
/the-world-factbook/countries/singapore,Singapore,517967000000.0,,2020,2023-03-31
/the-world-factbook/countries/singapore,Singapore,550209000000.0,,2019,2023-03-31
/the-world-factbook/countries/sint-maarten,Sint Maarten,992658000.0,,2021,2023-03-31
/the-world-factbook/countries/sint-maarten,Sint Maarten,760824000.0,,2020,2023-03-31
/the-world-factbook/countries/sint-maarten,Sint Maarten,1237000000.0,,2019,2023-03-31
/the-world-factbook/countries/slovakia,Slovakia,107358000000.0,,2021,2023-03-31
/the-world-factbook/countries/slovakia,Slovakia,88214000000.0,,2020,2023-03-31
/the-world-factbook/countries/slovakia,Slovakia,96755000000.0,,2019,2023-03-31
/the-world-factbook/countries/slovenia,Slovenia,47665000000.0,,2021,2023-03-31
/the-world-factbook/countries/slovenia,Slovenia,36804000000.0,,2020,2023-03-31
/the-world-factbook/countries/slovenia,Slovenia,40809000000.0,,2019,2023-03-31
/the-world-factbook/countries/solomon-islands,Solomon Islands,619460000.0,,2021,2023-03-31
/the-world-factbook/countries/solomon-islands,Solomon Islands,556260000.0,,2020,2023-03-31
/the-world-factbook/countries/solomon-islands,Solomon Islands,752909000.0,,2019,2023-03-31
/the-world-factbook/countries/somalia,Somalia,94430000000.0,,2018,2023-03-31
/the-world-factbook/countries/somalia,Somalia,80070000000.0,,2017,2023-03-31
/the-world-factbook/countries/south-africa,South Africa,104806000000.0,,2021,2023-03-31
/the-world-factbook/countries/south-africa,South Africa,79022000000.0,,2020,2023-03-31
/the-world-factbook/countries/south-africa,South Africa,103920000000.0,,2019,2023-03-31
/the-world-factbook/countries/south-sudan,South Sudan,4037000000.0,,2021,2023-03-31
/the-world-factbook/countries/south-sudan,South Sudan,4245000000.0,,2020,2023-03-31
/the-world-factbook/countries/south-sudan,South Sudan,3893000000.0,,2019,2023-03-31
/the-world-factbook/countries/spain,Spain,476678000000.0,,2021,2023-03-31
/the-world-factbook/countries/spain,Spain,375087000000.0,,2020,2023-03-31
/the-world-factbook/countries/spain,Spain,445719000000.0,,2019,2023-03-31
/the-world-factbook/countries/sri-lanka,Sri Lanka,18271000000.0,,2020,2023-03-31
/the-world-factbook/countries/sri-lanka,Sri Lanka,24562000000.0,,2019,2023-03-31
/the-world-factbook/countries/sri-lanka,Sri Lanka,26841000000.0,,2018,2023-03-31
/the-world-factbook/countries/sudan,Sudan,9788000000.0,,2021,2023-03-31
/the-world-factbook/countries/sudan,Sudan,10520000000.0,,2020,2023-03-31
/the-world-factbook/countries/sudan,Sudan,9787000000.0,,2019,2023-03-31
/the-world-factbook/countries/suriname,Suriname,1876000000.0,,2021,2023-03-31
/the-world-factbook/countries/suriname,Suriname,1845000000.0,,2020,2023-03-31
/the-world-factbook/countries/suriname,Suriname,2413000000.0,,2019,2023-03-31
/the-world-factbook/countries/svalbard,Svalbard,,,,2023-03-31
/the-world-factbook/countries/sweden,Sweden,263269000000.0,,2021,2023-03-31
/the-world-factbook/countries/sweden,Sweden,217165000000.0,,2020,2023-03-31
/the-world-factbook/countries/sweden,Sweden,233648000000.0,,2019,2023-03-31
/the-world-factbook/countries/switzerland,Switzerland,480522000000.0,,2021,2023-03-31
/the-world-factbook/countries/switzerland,Switzerland,429979000000.0,,2020,2023-03-31
/the-world-factbook/countries/switzerland,Switzerland,413404000000.0,,2019,2023-03-31
/the-world-factbook/countries/syria,Syria,6279000000.0,,2017,2023-03-31
/the-world-factbook/countries/syria,Syria,5496000000.0,,2016,2023-03-31
/the-world-factbook/countries/taiwan,Taiwan,308744000000.0,,2019,2023-03-31
/the-world-factbook/countries/taiwan,Taiwan,305428000000.0,,2018,2023-03-31
/the-world-factbook/countries/taiwan,Taiwan,303067000000.0,,2017,2023-03-31
/the-world-factbook/countries/tajikistan,Tajikistan,4258000000.0,,2021,2023-03-31
/the-world-factbook/countries/tajikistan,Tajikistan,3125000000.0,,2020,2023-03-31
/the-world-factbook/countries/tajikistan,Tajikistan,3409000000.0,,2019,2023-03-31
/the-world-factbook/countries/tanzania,Tanzania,9181000000.0,,2020,2023-03-31
/the-world-factbook/countries/tanzania,Tanzania,10576000000.0,,2019,2023-03-31
/the-world-factbook/countries/tanzania,Tanzania,10399000000.0,,2018,2023-03-31
/the-world-factbook/countries/thailand,Thailand,295780000000.0,,2021,2023-03-31
/the-world-factbook/countries/thailand,Thailand,232039000000.0,,2020,2023-03-31
/the-world-factbook/countries/thailand,Thailand,272831000000.00003,,2019,2023-03-31
/the-world-factbook/countries/timor-leste,Timor-Leste,1523000000.0,,2021,2023-03-31
/the-world-factbook/countries/timor-leste,Timor-Leste,842000000.0,,2020,2023-03-31
/the-world-factbook/countries/timor-leste,Timor-Leste,1038999999.9999999,,2019,2023-03-31
/the-world-factbook/countries/togo,Togo,2389000000.0,,2020,2023-03-31
/the-world-factbook/countries/togo,Togo,2261000000.0,,2019,2023-03-31
/the-world-factbook/countries/togo,Togo,2329000000.0,,2018,2023-03-31
/the-world-factbook/countries/tokelau,Tokelau,15792720.0,,2015,2023-03-31
/the-world-factbook/countries/tonga,Tonga,285675000.0,,2021,2023-03-31
/the-world-factbook/countries/tonga,Tonga,309685000.0,,2020,2023-03-31
/the-world-factbook/countries/tonga,Tonga,327395000.0,,2019,2023-03-31
/the-world-factbook/countries/trinidad-and-tobago,Trinidad and Tobago,8592000000.0,,2021,2023-03-31
/the-world-factbook/countries/trinidad-and-tobago,Trinidad and Tobago,6785000000.0,,2020,2023-03-31
/the-world-factbook/countries/trinidad-and-tobago,Trinidad and Tobago,7960000000.0,,2019,2023-03-31
/the-world-factbook/countries/tunisia,Tunisia,24269000000.0,,2021,2023-03-31
/the-world-factbook/countries/tunisia,Tunisia,19603000000.0,,2020,2023-03-31
/the-world-factbook/countries/tunisia,Tunisia,23546000000.0,,2019,2023-03-31
/the-world-factbook/countries/turkey-turkiye,Turkey (Turkiye),285578000000.0,,2021,2023-03-31
/the-world-factbook/countries/turkey-turkiye,Turkey (Turkiye),230141000000.0,,2020,2023-03-31
/the-world-factbook/countries/turkey-turkiye,Turkey (Turkiye),227638000000.0,,2019,2023-03-31
/the-world-factbook/countries/turkmenistan,Turkmenistan,4571000000.0,,2017,2023-03-31
/the-world-factbook/countries/turkmenistan,Turkmenistan,5215000000.0,,2016,2023-03-31
/the-world-factbook/countries/turks-and-caicos-islands,Turks and Caicos Islands,544219000.0,,2018,2023-03-31
/the-world-factbook/countries/turks-and-caicos-islands,Turks and Caicos Islands,484842000.0,,2017,2023-03-31
/the-world-factbook/countries/tuvalu,Tuvalu,51187000.0,,2021,2023-03-31
/the-world-factbook/countries/tuvalu,Tuvalu,50792000.0,,2020,2023-03-31
/the-world-factbook/countries/tuvalu,Tuvalu,65239999.99999999,,2019,2023-03-31
/the-world-factbook/countries/uganda,Uganda,10705000000.0,,2021,2023-03-31
/the-world-factbook/countries/uganda,Uganda,10197000000.0,,2020,2023-03-31
/the-world-factbook/countries/uganda,Uganda,9795000000.0,,2019,2023-03-31
/the-world-factbook/countries/ukraine,Ukraine,84175000000.0,,2021,2023-03-31
/the-world-factbook/countries/ukraine,Ukraine,63085000000.0,,2020,2023-03-31
/the-world-factbook/countries/ukraine,Ukraine,76067000000.0,,2019,2023-03-31
/the-world-factbook/countries/united-arab-emirates,United Arab Emirates,229200000000.0,,2017,2023-03-31
/the-world-factbook/countries/united-arab-emirates,United Arab Emirates,226500000000.0,,2016,2023-03-31
/the-world-factbook/countries/united-kingdom,United Kingdom,898719000000.0,,2021,2023-03-31
/the-world-factbook/countries/united-kingdom,United Kingdom,783438000000.0,,2020,2023-03-31
/the-world-factbook/countries/united-kingdom,United Kingdom,939349000000.0,,2019,2023-03-31
/the-world-factbook/countries/united-states,United States,3402000000000.0,,2021,2023-03-31
/the-world-factbook/countries/united-states,United States,2813000000000.0,,2020,2023-03-31
/the-world-factbook/countries/united-states,United States,3106000000000.0,,2019,2023-03-31
/the-world-factbook/countries/uruguay,Uruguay,15051000000.0,,2021,2023-03-31
/the-world-factbook/countries/uruguay,Uruguay,11212000000.0,,2020,2023-03-31
/the-world-factbook/countries/uruguay,Uruguay,13336000000.0,,2019,2023-03-31
/the-world-factbook/countries/uzbekistan,Uzbekistan,27774000000.0,,2021,2023-03-31
/the-world-factbook/countries/uzbekistan,Uzbekistan,22560000000.0,,2020,2023-03-31
/the-world-factbook/countries/uzbekistan,Uzbekistan,26551000000.0,,2019,2023-03-31
/the-world-factbook/countries/vanuatu,Vanuatu,495858000.0,,2021,2023-03-31
/the-world-factbook/countries/vanuatu,Vanuatu,429601000.0,,2020,2023-03-31
/the-world-factbook/countries/vanuatu,Vanuatu,488795000.0,,2019,2023-03-31
/the-world-factbook/countries/venezuela,Venezuela,18432000000.0,,2018,2023-03-31
/the-world-factbook/countries/venezuela,Venezuela,18376000000.0,,2017,2023-03-31
/the-world-factbook/countries/vietnam,Vietnam,338021000000.0,,2021,2023-03-31
/the-world-factbook/countries/vietnam,Vietnam,269808000000.0,,2020,2023-03-31
/the-world-factbook/countries/vietnam,Vietnam,261683000000.0,,2019,2023-03-31
/the-world-factbook/countries/virgin-islands,Virgin Islands,2489000000.0,,2016,2023-03-31
/the-world-factbook/countries/virgin-islands,Virgin Islands,1549000000.0,,2015,2023-03-31
/the-world-factbook/countries/wallis-and-futuna,Wallis and Futuna,61170000.0,,2004,2023-03-31
/the-world-factbook/countries/west-bank,West Bank,10245000000.0,data include the Gaza Strip,2021,2023-03-31
/the-world-factbook/countries/west-bank,West Bank,8064999999.999999,data include the Gaza Strip,2020,2023-03-31
/the-world-factbook/countries/west-bank,West Bank,9161000000.0,data include the Gaza Strip,2019,2023-03-31
/the-world-factbook/countries/yemen,Yemen,4078999999.9999995,,2017,2023-03-31
/the-world-factbook/countries/yemen,Yemen,3117000000.0,,2016,2023-03-31
/the-world-factbook/countries/zambia,Zambia,7701000000.0,,2021,2023-03-31
/the-world-factbook/countries/zambia,Zambia,7049000000.0,,2020,2023-03-31
/the-world-factbook/countries/zambia,Zambia,8036000000.0,,2019,2023-03-31
/the-world-factbook/countries/zimbabwe,Zimbabwe,5489000000.0,,2020,2023-03-31
/the-world-factbook/countries/zimbabwe,Zimbabwe,5398000000.0,,2019,2023-03-31
/the-world-factbook/countries/zimbabwe,Zimbabwe,7642000000.0,,2018,2023-03-31
